"family","match_id","match_date","team_name","opponent_name","actual","n_prior","lambda_baseline","lambda_global","lambda_hier","nll_baseline","nll_global","nll_hier","threshold","brier_baseline","brier_hier"
"cards",760416,"2026-06-12","Canada","Bosnia and Herzegovina",2,3,2.06730769230769,1.70769230769231,1.2599281199081,1.30796061489506,1.33055362541886,1.4909659571798,2,0.150617016696267,0.410988426208023
"cards",760416,"2026-06-12","Bosnia and Herzegovina","Canada",3,0,1.70769230769231,1.70769230769231,2.22477640724492,1.89402298267027,1.89402298267027,1.61756661814471,2,0.240943897005639,0.121501875394487
"cards",760417,"2026-06-12","United States","Paraguay",1,4,1.5042735042735,1.70769230769231,1.74299373703189,1.09596344403311,1.17254937627561,1.18738956371223,2,0.196784420959564,0.270387336907895
"cards",760417,"2026-06-12","Paraguay","United States",5,0,1.70769230769231,1.70769230769231,1.45944791925238,3.81946939339087,3.81946939339087,4.35664852848512,2,0.240943897005639,0.326599040881731
"cards",760418,"2026-06-13","Haiti","Scotland",1,0,1.72348484848485,1.72348484848485,2.51708199097147,1.17913653268021,1.17913653268021,1.59398170046943,2,0.264208959237058,0.512928134880458
"cards",760418,"2026-06-13","Scotland","Haiti",3,0,1.72348484848485,1.72348484848485,1.8185742453462,1.882199370299,1.882199370299,1.81617527735319,2,0.23618374702277,0.209153645743009
"cards",760419,"2026-06-13","Brazil","Morocco",2,10,1.44116161616162,1.72348484848485,1.98852183673697,1.4034098641452,1.32793539743553,1.30688588306193,1,0.0560045001125332,0.0187409619244861
"cards",760419,"2026-06-13","Morocco","Brazil",0,10,1.70782828282828,1.72348484848485,2.27280019779571,1.70782828282828,1.72348484848485,2.27280019779571,2,0.259266033644632,0.439337451803421
"cards",760420,"2026-06-13","Qatar","Switzerland",2,3,1.95217803030303,1.72348484848485,3.45660198150212,1.30743383510148,1.32793539743553,1.66917712159031,2,0.175648641570346,0.0197533775548882
"cards",760420,"2026-06-13","Switzerland","Qatar",1,8,1.9705710955711,1.72348484848485,1.43982230277434,1.29224769860401,1.17913653268021,1.07530259765209,2,0.343360855047178,0.177945308141128
"cards",760421,"2026-06-14","Australia","Turkey",0,7,1.79938271604938,1.71851851851852,1.9541189134905,1.79938271604938,1.71851851851852,1.9541189134905,2,0.288346900033071,0.338064415664761
"cards",760421,"2026-06-14","Turkey","Australia",1,0,1.71851851851852,1.71851851851852,1.67911298657328,1.17705592529064,1.17705592529064,1.16084731677341,2,0.262639490646505,0.250240020698651
"cards",760422,"2026-06-14","Germany","Curaçao",0,6,1.41750841750842,1.71851851851852,1.12226063093744,1.41750841750842,1.71851851851852,1.12226063093744,1,0.574083500892194,0.4548922050347
"cards",760422,"2026-06-14","Curaçao","Germany",0,0,1.71851851851852,1.71851851851852,2.87871271492172,1.71851851851852,1.71851851851852,2.87871271492172,2,0.262639490646505,0.611506670676815
"cards",760423,"2026-06-14","Ivory Coast","Ecuador",3,0,1.71851851851852,1.71851851851852,2.34621942383333,1.88589020806293,1.88589020806293,1.57956306235155,2,0.237672192345715,0.102614452773206
"cards",760423,"2026-06-14","Ecuador","Ivory Coast",1,3,1.44907407407407,1.71851851851852,1.36009399772056,1.07814929121809,1.17705592529064,1.05254018439,1,0.0551252093137146,0.0658623714368953
"cards",760424,"2026-06-14","Sweden","Tunisia",0,5,1.65925925925926,1.71851851851852,1.70725468432912,1.65925925925926,1.71851851851852,1.70725468432912,2,0.244032520258818,0.259085220294594
"cards",760424,"2026-06-14","Tunisia","Sweden",1,6,1.5993265993266,1.71851851851852,1.79174356927467,1.12974393409466,1.17705592529064,1.20855436246433,2,0.225483941496504,0.285906236250584
"cards",760425,"2026-06-14","Netherlands","Japan",3,5,2.05925925925926,1.71851851851852,2.03765721090624,1.68397972273069,1.88589020806293,1.69401451448443,2,0.152258904284762,0.156744013152352
"cards",760425,"2026-06-14","Japan","Netherlands",0,8,1.43019943019943,1.71851851851852,1.68588581451236,1.43019943019943,1.71851851851852,1.68588581451236,1,0.578723519427142,0.663768294957748
"cards",760426,"2026-06-15","Belgium","Egypt",2,10,1.6297619047619,1.68928571428571,1.25622555505074,1.34604121841967,1.33382132420029,1.49314946767099,2,0.265607084980223,0.412687557096768
"cards",760426,"2026-06-15","Egypt","Belgium",2,3,1.55580357142857,1.68928571428571,1.60617648684261,1.36496639529744,1.33382132420029,1.35161066406692,2,0.290871475096083,0.273464196488053
"cards",760427,"2026-06-15","Iran","New Zealand",1,6,1.94967532467532,1.68928571428571,1.26016685175613,1.28201246612886,1.16497992896303,1.02892271753109,2,0.336633671036047,0.128882100395554
"cards",760427,"2026-06-15","New Zealand","Iran",0,0,1.68928571428571,1.68928571428571,1.73510117830803,1.68928571428571,1.68928571428571,1.73510117830803,2,0.253431400950683,0.267885348070411
"cards",760428,"2026-06-15","Spain","Cape Verde",1,8,0.957417582417582,1.68928571428571,0.60724316111539,1.00093321985374,1.16497992896303,1.10606913433648,1,0.147366121703219,0.296862466784668
"cards",760428,"2026-06-15","Cape Verde","Spain",1,0,1.68928571428571,1.68928571428571,2.80831239002851,1.16497992896303,1.16497992896303,1.77572866004262,2,0.253431400950683,0.59341342485267
"cards",760429,"2026-06-15","Saudi Arabia","Uruguay",1,6,2.13149350649351,1.68928571428571,2.13503849369447,1.37467059572423,1.16497992896303,1.37655381734294,2,0.394908129469717,0.39603475994795
"cards",760429,"2026-06-15","Uruguay","Saudi Arabia",0,8,1.49587912087912,1.68928571428571,1.00660566228515,1.49587912087912,1.68928571428571,1.00660566228515,1,0.602095997475985,0.402644359000868
"cards",760430,"2026-06-16","Iraq","Norway",1,0,1.67013888888889,1.67013888888889,1.71546576142285,1.15723209891907,1.15723209891907,1.17578113667182,2,0.247430632183691,0.261675459087271
"cards",760430,"2026-06-16","Norway","Iraq",0,0,1.67013888888889,1.67013888888889,0.994405896114435,1.67013888888889,1.67013888888889,0.994405896114435,2,0.247430632183691,0.0687400159995947
"cards",760432,"2026-06-16","France","Senegal",0,14,1.38687865497076,1.67013888888889,0.967328834273864,1.38687865497076,1.67013888888889,0.967328834273864,1,0.562719067519166,0.384279747597211
"cards",760432,"2026-06-16","Senegal","France",0,7,1.6958912037037,1.67013888888889,1.62730226117817,1.6958912037037,1.67013888888889,1.62730226117817,2,0.255507371886137,0.234104249153916
"cards",760433,"2026-06-16","Argentina","Algeria",0,11,2.27191840277778,1.67013888888889,1.22636194643733,2.27191840277778,1.67013888888889,1.22636194643733,2,0.439063715130659,0.12032514896757
"cards",760433,"2026-06-16","Algeria","Argentina",0,0,1.67013888888889,1.67013888888889,1.85272754533797,1.67013888888889,1.67013888888889,1.85272754533797,2,0.247430632183691,0.305440802997306
"cards",760431,"2026-06-17","Austria","Jordan",1,0,1.63945578231292,1.63945578231293,0.989769449490989,1.14509143560101,1.14509143560101,1.00005269176712,2,0.237870349193193,0.0678485667873697
"cards",760431,"2026-06-17","Jordan","Austria",0,0,1.63945578231292,1.63945578231293,1.26545203592228,1.63945578231292,1.63945578231293,1.26545203592228,2,0.237870349193193,0.130241143302771
"cards",760434,"2026-06-17","Ghana","Panama",1,3,2.02465986394558,1.63945578231293,1.49958747748476,1.31925814591729,1.14509143560101,1.09439742221032,2,0.360753636894954,0.195396285734328
"cards",760434,"2026-06-17","Panama","Ghana",2,3,2.14965986394558,1.63945578231293,0.945133477135804,1.31218779088917,1.34387426944903,1.75113888932829,2,0.134696552032547,0.571434305542415
"cards",760435,"2026-06-17","Portugal","DR Congo",3,9,1.3712342079689,1.63945578231293,0.770968640974033,2.21586002914066,1.94812221140522,3.34305084849633,1,0.0644111569740843,0.21396618682223
"cards",760435,"2026-06-17","DR Congo","Portugal",1,0,1.63945578231292,1.63945578231293,1.54880069992278,1.14509143560101,1.14509143560101,1.11131981046976,2,0.237870349193193,0.21010583632685
"cards",760436,"2026-06-17","Uzbekistan","Colombia",1,0,1.63945578231292,1.63945578231293,1.46777592787995,1.14509143560101,1.14509143560101,1.0840276470219,2,0.237870349193193,0.186047354071281
"cards",760436,"2026-06-17","Colombia","Uzbekistan",1,4,2.02191987906274,1.63945578231293,0.962425519558763,1.31787238384758,1.14509143560101,1.00072411764973,2,0.359873656656093,0.0627109543129266
"cards",760437,"2026-06-17","England","Croatia",0,12,1.01160464185674,1.63945578231293,0.795057512797044,1.01160464185674,1.63945578231293,0.795057512797044,1,0.404960404048064,0.300791628479545
"cards",760437,"2026-06-17","Croatia","England",0,14,1.58933046902972,1.63945578231293,1.25506567174497,1.58933046902972,1.63945578231293,1.25506567174497,2,0.222421225841855,0.127575736138832
"cards",760438,"2026-06-18","Czech Republic","South Africa",1,1,1.34868421052632,1.61842105263158,0.919398682037878,1.04955475223418,1.13697003754549,1.00343411115133,1,0.0673826022625543,0.159008540546464
"cards",760438,"2026-06-18","South Africa","Czech Republic",2,1,2.01535087719298,1.61842105263158,1.35775089782445,1.30691143207033,1.34866620301935,1.43923892000113,2,0.161496896501444,0.367847994278627
"cards",760439,"2026-06-18","Switzerland","Bosnia and Herzegovina",1,9,1.86372180451128,1.61842105263158,0.924835194516246,1.24114634589307,1.13697003754549,1.00297491995032,2,0.308972560158327,0.0559874009259438
"cards",760439,"2026-06-18","Bosnia and Herzegovina","Switzerland",3,1,1.84868421052632,1.61842105263158,1.49620408618386,1.79702123429196,1.96582747660137,2.07916968093096,2,0.201160132954366,0.312589094686656
"cards",760440,"2026-06-18","Canada","Qatar",1,4,2.01023391812866,1.61842105263158,0.899820837054538,1.31198282565053,1.13697003754549,1.00538044246882,2,0.35611901697996,0.0517344528586199
"cards",760440,"2026-06-18","Qatar","Canada",3,4,1.89912280701754,1.61842105263158,1.52109972922412,1.76670597910145,1.96582747660137,2.05455846048514,2,0.188354549197805,0.303367892042004
"cards",760441,"2026-06-18","Mexico","South Korea",0,8,2.00708502024292,1.61842105263158,1.12760815727129,2.00708502024292,1.61842105263158,1.12760815727129,2,0.35510689269923,0.0967620288434774
"cards",760441,"2026-06-18","South Korea","Mexico",2,8,1.85323886639676,1.61842105263158,1.22996385030767,1.31251635310342,1.34866620301935,1.50914147295028,2,0.19997395497062,0.424876410495168
"cards",760442,"2026-06-19","United States","Australia",3,5,1.40929487179487,1.61858974358974,1.16129945342423,2.17178587589108,1.96568348842017,2.50444013281953,1,0.0596900616724463,0.098018513307851
"cards",760442,"2026-06-19","Australia","United States",4,8,1.62253451676529,1.61858974358974,1.00425610675996,2.86463057437283,2.87042260807418,4.16532163648857,2,0.267995098566558,0.539039585740992
"cards",760443,"2026-06-19","Turkey","Paraguay",1,1,1.51549145299145,1.61858974358974,1.07918898688143,1.09975167522014,1.13703450212387,1.00297916591328,2,0.200118497309024,0.0860506131660492
"cards",760443,"2026-06-19","Paraguay","Turkey",2,1,2.18215811965812,1.61858974358974,1.39494960433745,1.31467659970493,1.34862644121793,1.4223802075018,2,0.128838319471629,0.352334302366724
"cards",760444,"2026-06-19","Brazil","Haiti",1,11,1.44330929487179,1.61858974358974,0.811768147726271,1.07637069648744,1.13703450212387,1.02030865967566,1,0.0557644566726554,0.19720010675643
"cards",760444,"2026-06-19","Haiti","Brazil",3,1,1.51549145299145,1.61858974358974,1.66618488586993,2.06003158890557,1.96568348842017,1.92633481459917,2,0.305426377506856,0.253834541927147
"cards",760445,"2026-06-19","Scotland","Morocco",1,1,1.84882478632479,1.61858974358974,1.39873301933903,1.23427459972698,1.13703450212387,1.06316617865145,2,0.304187687412782,0.166243590136476
"cards",760445,"2026-06-19","Morocco","Scotland",1,11,1.5683092948718,1.61858974358974,0.93788021608747,1.11831113801314,1.13703450212387,1.00201325561719,2,0.216012524278428,0.0582757410221454
"cards",760446,"2026-06-20","Ecuador","Curaçao",1,4,1.34895833333333,1.628125,0.78995953138577,1.04962564366158,1.14069595404041,1.0257330923129,1,0.0673456701712552,0.205991769933136
"cards",760446,"2026-06-20","Curaçao","Ecuador",5,1,1.35677083333333,1.628125,1.76125625204568,4.61872513028718,3.97847151298407,3.71861132481779,1,0.0663015723313422,0.0295251598135693
"cards",760447,"2026-06-20","Netherlands","Sweden",0,6,2.10369318181818,1.628125,1.21935538491704,2.10369318181818,1.628125,1.21935538491704,2,0.38605579910085,0.118581631853889
"cards",760447,"2026-06-20","Sweden","Netherlands",3,6,1.46732954545455,1.628125,1.42851732197142,2.10875667579781,1.95759733134927,2.15036558539509,1,0.0531488351393675,0.0574388345714171
"cards",760448,"2026-06-20","Germany","Ivory Coast",0,7,1.26171875,1.628125,0.997540743443902,1.26171875,1.628125,0.997540743443902,1,0.513849671932416,0.398432042352219
"cards",760448,"2026-06-20","Ivory Coast","Germany",0,1,1.85677083333333,1.628125,1.52287363670937,1.85677083333333,1.628125,1.52287363670937,2,0.306739377558904,0.202320842999141
"cards",760449,"2026-06-21","Tunisia","Japan",0,7,1.51073619631902,1.62576687116564,1.66709791206464,1.51073619631902,1.62576687116564,1.66709791206464,2,0.198703315580919,0.246479945737717
"cards",760449,"2026-06-21","Japan","Tunisia",0,9,1.29491673970202,1.62576687116564,0.794054296462037,1.29491673970202,1.62576687116564,0.794054296462037,1,0.527191193310006,0.300294685283511
"cards",760450,"2026-06-21","Uruguay","Cape Verde",2,9,1.36634531113059,1.62576687116564,0.893640354162467,1.43521345329913,1.34695480136667,1.81169128103679,1,0.0650440450597336,0.16741480092383
"cards",760450,"2026-06-21","Cape Verde","Uruguay",2,1,1.52147239263804,1.62576687116564,1.65583740220193,1.37526248248154,1.34695480136667,1.34037085462933,2,0.303231494206032,0.257134808987647
"cards",760451,"2026-06-21","Belgium","Iran",2,11,1.63305214723926,1.62576687116564,1.2289974340755,1.34529783404587,1.34695480136667,1.50974712910179,2,0.264525685348566,0.425329523252954
"cards",760451,"2026-06-21","Iran","Belgium",1,7,1.84406952965235,1.62576687116564,1.39743451828292,1.23209469934358,1.13978724598618,1.06279644966066,2,0.30266130282438,0.165878029918435
"cards",760452,"2026-06-21","New Zealand","Egypt",2,1,1.35480572597137,1.62576687116564,1.32216659035691,1.4406367697603,1.34695480136667,1.45677027616461,1,0.0665626644851701,0.0710527172686355
"cards",760452,"2026-06-21","Egypt","New Zealand",1,4,1.56987048398091,1.62576687116564,1.13391421717369,1.11887736230321,1.13978724598618,1.00823866096076,2,0.21648694534593,0.0981992756303758
"cards",760453,"2026-06-21","Spain","Saudi Arabia",0,9,0.937773882559159,1.62576687116564,0.643846725647099,0.937773882559159,1.62576687116564,0.643846725647099,1,0.370274212522517,0.225370499352723
"cards",760453,"2026-06-21","Saudi Arabia","Spain",2,7,2.01073619631902,1.62576687116564,2.25092363042246,1.30688153320487,1.34695480136667,1.32138954219591,2,0.162495799311308,0.117188801006106
"cards",760454,"2026-06-22","Norway","Senegal",0,1,1.34424603174603,1.61309523809524,1.07081475739685,1.34424603174603,1.61309523809524,1.07081475739685,1,0.546510935530591,0.432004953813951
"cards",760454,"2026-06-22","Senegal","Norway",0,8,1.54349816849817,1.61309523809524,1.3446114130477,1.54349816849817,1.61309523809524,1.3446114130477,2,0.208507489103904,0.151241815678791
"cards",760455,"2026-06-22","Jordan","Algeria",1,1,1.34424603174603,1.61309523809524,1.36299450483823,1.04841274706354,1.1349403966188,1.0533103837987,1,0.0679833767335411,0.0654814089354016
"cards",760455,"2026-06-22","Algeria","Jordan",1,1,1.34424603174603,1.61309523809524,1.04436661790105,1.04841274706354,1.1349403966188,1.00095602351327,1,0.0679833767335411,0.123843917534616
"cards",760456,"2026-06-22","Argentina","Austria",2,12,2.12149859943978,1.61309523809524,1.12406021898402,1.31040032902869,1.3499327357023,1.58331274825409,2,0.139963894620143,0.476417109195301
"cards",760456,"2026-06-22","Austria","Argentina",2,1,1.5109126984127,1.61309523809524,1.71297473632575,1.37863207044495,1.3499327357023,1.32965897482817,2,0.307115072388754,0.239342899452029
"cards",760457,"2026-06-22","France","Iraq",0,15,1.30327380952381,1.61309523809524,0.715559098762465,1.30327380952381,1.61309523809524,0.715559098762465,1,0.530506782279689,0.26120411408249
"cards",760457,"2026-06-22","Iraq","France",1,1,1.5109126984127,1.61309523809524,1.98637445265547,1.09819879414885,1.1349403966188,1.30006335865429,2,0.198755794196427,0.348446478707179
"cards",760458,"2026-06-23","England","Ghana",1,13,0.943313953488372,1.59593023255814,0.589449007536036,1.00167007471763,1.12847344842201,1.11801607149333,1,0.151582096914852,0.307617541783457
"cards",760458,"2026-06-23","Ghana","England",1,4,1.88662790697674,1.59593023255814,2.01502432841534,1.25183684764605,1.12847344842201,1.31439305943432,2,0.316337503688048,0.357658443288794
"cards",760459,"2026-06-23","Colombia","DR Congo",2,5,1.89796511627907,1.59593023255814,0.962478374690771,1.30954765520064,1.35416384484582,1.73211291710341,2,0.188640419336897,0.561838719256593
"cards",760459,"2026-06-23","DR Congo","Colombia",1,1,1.49660852713178,1.59593023255814,1.64513042610162,1.09340696081465,1.12847344842201,1.14731075864332,1,0.0501259192554075,0.0372441329148597
"cards",760460,"2026-06-23","Panama","Croatia",1,4,2.10885012919897,1.59593023255814,1.55170547243357,1.36270729272195,1.12847344842201,1.11235084159822,2,0.387700101498398,0.210982735812795
"cards",760460,"2026-06-23","Croatia","Panama",1,15,1.49898255813953,1.59593023255814,0.999932367934239,1.09419597475086,1.12847344842201,1.00000000228715,1,0.0498884824106968,0.135353590484293
"cards",760461,"2026-06-23","Portugal","Uzbekistan",1,10,1.46531007751938,1.59593023255814,0.931191771341284,1.08324320043672,1.12847344842201,1.00248181000333,1,0.0533639339688584,0.155302019867443
"cards",760461,"2026-06-23","Uzbekistan","Portugal",1,1,1.49660852713178,1.59593023255814,1.53754621938023,1.09340696081465,1.12847344842201,1.10735843774801,1,0.0501259192554075,0.0461853588670237
"cards",760462,"2026-06-24","Bosnia and Herzegovina","Qatar",1,2,1.98944805194805,1.58522727272727,1.1933494100298,1.3015908125134,1.12449948594406,1.01658542628404,2,0.349435284870858,0.11220334022148
"cards",760462,"2026-06-24","Qatar","Bosnia and Herzegovina",1,5,1.99261363636364,1.58522727272727,1.37474256813975,1.30316647425566,1.12449948594406,1.05647607772075,2,0.350453565771349,0.159533508113228
"cards",760463,"2026-06-24","Switzerland","Canada",1,10,1.79507575757576,1.58522727272727,1.2208418547823,1.21002853174853,1.12449948594406,1.02130118910513,2,0.286970591325827,0.118950647777314
"cards",760463,"2026-06-24","Canada","Switzerland",2,5,1.89261363636364,1.58522727272727,1.38630362791273,1.30984331660062,1.35691887972079,1.42616891940472,2,0.189966727422252,0.355896216692691
"cards",760464,"2026-06-24","Morocco","Haiti",0,12,1.52506684491979,1.58522727272727,0.795949498830511,1.52506684491979,1.58522727272727,0.795949498830511,2,0.202976393469249,0.0360060498787303
"cards",760464,"2026-06-24","Haiti","Morocco",3,2,1.70373376623377,1.58522727272727,1.73043308595785,1.89702670828032,1.99480338160569,1.87707740753347,2,0.242149459005007,0.234114328503105
"cards",760465,"2026-06-24","Scotland","Brazil",1,2,1.70373376623377,1.58522727272727,1.58555532224335,1.1709115905066,1.12449948594406,1.12462061523939,2,0.257975777168296,0.221267061082483
"cards",760465,"2026-06-24","Brazil","Scotland",2,12,1.40741978609626,1.58522727272727,0.984536411965601,1.41705078852108,1.35691887972079,1.70885238522579,1,0.0599143298937253,0.139586217235718
"cards",760466,"2026-06-24","South Africa","South Korea",1,2,1.98944805194805,1.58522727272727,1.64530286782839,1.3015908125134,1.12449948594406,1.1473783863766,2,0.349435284870858,0.239686547537652
"cards",760466,"2026-06-24","South Korea","South Africa",1,9,1.85186688311688,1.58522727272727,0.979200037350085,1.23567262684289,1.12449948594406,1.00021936643069,2,0.305164429622965,0.0658383236908583
"cards",760467,"2026-06-24","Czech Republic","Mexico",0,2,1.27516233766234,1.58522727272727,1.47727945766159,1.27516233766234,1.58522727272727,1.47727945766159,1,0.519285099459827,0.595585977680959
"cards",760467,"2026-06-24","Mexico","Czech Republic",1,9,1.85186688311688,1.58522727272727,1.01105007586767,1.23567262684289,1.12449948594406,1.00006060602958,2,0.305164429622965,0.0719881799967172
"cards",760468,"2026-06-25","Ecuador","Germany",3,5,1.28571428571429,1.57142857142857,1.22422580715935,2.32353047009962,2.00723266942745,2.4090593262417,1,0.076426286990768,0.0864273057508648
"cards",760468,"2026-06-25","Germany","Ecuador",1,8,1.14285714285714,1.57142857142857,1.00904992201978,1.00932575023262,1.11944344768551,1.00004070514302,1,0.101701392304227,0.13290777078696
"cards",760469,"2026-06-25","Paraguay","Australia",1,2,2.12244897959184,1.57142857142857,1.37131475459275,1.36987837856109,1.11944344768551,1.05554480006104,2,0.392031389301576,0.1585824541297
"cards",760469,"2026-06-25","Australia","Paraguay",1,9,1.77551020408163,1.57142857142857,1.18869311410272,1.20142238353768,1.11944344768551,1.01583863391162,2,0.280727137242023,0.111077064346343
"cards",760470,"2026-06-25","Turkey","United States",0,2,1.40816326530612,1.57142857142857,1.22103001751754,1.40816326530612,1.57142857142857,1.22103001751754,1,0.570641062651596,0.49712901939796
"cards",760470,"2026-06-25","United States","Turkey",1,6,1.53246753246753,1.57142857142857,1.12202141883058,1.10558832985555,1.11944344768551,1.00688952204546,2,0.20519260580592,0.095496728071759
"cards",760471,"2026-06-25","Japan","Sweden",1,10,1.19047619047619,1.57142857142857,0.81514884936122,1.01612280333141,1.11944344768551,1.01953339452562,1,0.09246247606292,0.195871254824225
"cards",760471,"2026-06-25","Sweden","Japan",2,7,1.57142857142857,1.57142857142857,1.46428145210587,1.3606055045024,1.3606055045024,1.39469934113001,2,0.285379922463482,0.324729622219759
"cards",760472,"2026-06-25","Tunisia","Netherlands",0,8,1.37362637362637,1.57142857142857,1.57492310521491,1.37362637362637,1.57142857142857,1.57492310521491,1,0.557729445492161,0.628811775395108
"cards",760472,"2026-06-25","Netherlands","Tunisia",0,7,1.9047619047619,1.57142857142857,0.92906900595881,1.9047619047619,1.57142857142857,0.92906900595881,2,0.322172845102406,0.0567248235065827
"cards",760473,"2026-06-25","Curaçao","Ivory Coast",2,2,1.83673469387755,1.57142857142857,1.55660207037275,1.31390312999822,1.3606055045024,1.36473867972642,2,0.204300747625693,0.290588814507831
"cards",760473,"2026-06-25","Ivory Coast","Curaçao",1,2,1.55102040816327,1.57142857142857,0.940230441017162,1.11210736598756,1.11944344768551,1.00186072476135,2,0.210775843997122,0.0586931130832642
"cards",760474,"2026-06-26","Senegal","Iraq",2,9,1.41280395136778,1.55585106382979,0.916890986875003,1.41479843653143,1.36495283670581,1.78357155537977,1,0.0592726138911199,0.159808033651545
"cards",760474,"2026-06-26","Iraq","Senegal",3,2,1.39703647416413,1.55585106382979,1.34647121618853,2.185736376824,2.02154242153196,2.2457689165827,1,0.0611715572489427,0.0676814978634402
"cards",760475,"2026-06-26","Norway","France",1,2,1.11132218844985,1.55585106382979,1.28043831462326,1.0057717212291,1.11382835998783,1.03323586200921,1,0.108322284809026,0.0772370025417829
"cards",760475,"2026-06-26","France","Norway",1,16,1.22758358662614,1.55585106382979,0.936139325094333,1.02253591324685,1.11382835998783,1.00213028707967,1,0.0858488426112718,0.153772867724353
"cards",760476,"2026-06-26","Egypt","Iran",3,5,1.47792553191489,1.55585106382979,1.18841207521839,2.09776669045501,2.02154242153196,2.46231746807016,1,0.0520343571668343,0.0928449714494973
"cards",760476,"2026-06-26","Iran","Egypt",4,8,1.7522504091653,1.55585106382979,1.18960739076035,2.68670059988609,2.96581407880988,3.67316790528498,2,0.227714414515194,0.444071242536839
"cards",760477,"2026-06-26","New Zealand","Belgium",2,2,1.39703647416413,1.55585106382979,1.45688404460705,1.42147727701195,1.36495283670581,1.39743134714079,1,0.0611715572489427,0.0542708467104689
"cards",760477,"2026-06-26","Belgium","New Zealand",0,12,1.63407384230288,1.55585106382979,0.978581451942071,1.63407384230288,1.55585106382979,0.978581451942071,2,0.23620109178851,0.0657216202039359
"cards",760478,"2026-06-26","Cape Verde","Saudi Arabia",1,2,1.53989361702128,1.55585106382979,1.15844426228434,1.10818028283818,1.11382835998783,1.0113663105201,2,0.207422751400146,0.103879903302894
"cards",760478,"2026-06-26","Saudi Arabia","Cape Verde",3,8,1.98301963993453,1.55585106382979,1.21889075878541,1.72091684823906,2.02154242153196,2.41682653486651,2,0.168609970030062,0.430087461580238
"cards",760479,"2026-06-26","Uruguay","Spain",4,10,1.38528368794326,1.55585106382979,1.53980201960224,3.25971772827265,2.96581407880988,2.99124045210492,1,0.062626461915686,0.045977458316204
"cards",760479,"2026-06-26","Spain","Uruguay",1,10,0.851950354609929,1.55585106382979,0.753876203429881,1.01217737769764,1.11382835998783,1.03640331431665,1,0.181972316754362,0.221407052111422
"cards",760480,"2026-06-27","Croatia","Ghana",1,16,1.46956308296514,1.57216494845361,0.909829109377592,1.08459794882654,1.11971133090952,1.00432759837669,1,0.0529119448028871,0.162081137761277
"cards",760480,"2026-06-27","Ghana","Croatia",1,5,1.7860824742268,1.57216494845361,1.64835148207972,1.20605781466017,1.11971133090952,1.14857579537196,2,0.284098943931189,0.240634579852066
"cards",760481,"2026-06-27","Colombia","Portugal",1,6,1.89643861293346,1.57216494845361,1.35436819322887,1.25646089991929,1.11971133090952,1.0510331256985,2,0.319494080726471,0.153909705810467
"cards",760481,"2026-06-27","Portugal","Colombia",0,11,1.42880154639175,1.57216494845361,1.29637676975476,1.42880154639175,1.57216494845361,1.29637676975476,1,0.578214403186138,0.527771694574582
"cards",760482,"2026-06-27","DR Congo","Uzbekistan",3,2,1.40868924889543,1.57216494845361,1.21247215053313,2.17246973415866,2.00656356504941,2.42624749496144,1,0.0597624048126994,0.0884830473162262
"cards",760482,"2026-06-27","Uzbekistan","DR Congo",2,2,1.40868924889543,1.57216494845361,1.21322699458317,1.41651710681216,1.36040489392539,1.51980668051769,1,0.0597624048126994,0.0883495662953404
"cards",760483,"2026-06-27","Jordan","Argentina",3,2,1.26583210603829,1.57216494845361,2.04199544496197,2.35040248347372,2.00656356504941,1.6919724469946,1,0.0795265610330452,0.0168401242837678
"cards",760483,"2026-06-27","Argentina","Jordan",0,13,2.10337915234822,1.57216494845361,0.919668672488172,2.10337915234822,1.57216494845361,0.919668672488172,2,0.385955639380267,0.0550944012167034
"cards",760484,"2026-06-27","Algeria","Austria",0,2,1.26583210603829,1.57216494845361,1.22757571561673,1.26583210603829,1.57216494845361,1.22757571561673,1,0.515517479428697,0.499846118793707
"cards",760484,"2026-06-27","Austria","Algeria",1,2,1.55154639175258,1.57216494845361,1.22664361140636,1.11229428606703,1.11971133090952,1.02236194311942,2,0.21093468833243,0.120395457755528
"cards",760485,"2026-06-27","Panama","England",2,5,1.9860824742268,1.57216494845361,1.87307425081674,1.30690146964918,1.36040489392539,1.31105930058196,2,0.167924583118997,0.194877669415359
"cards",760485,"2026-06-27","England","Panama",1,14,0.940043407487792,1.57216494845361,0.754827704082522,1.00187263409356,1.11971133090952,1.03609346637192,1,0.152576859225585,0.220986114851365
"cards",760486,"2026-06-28","South Africa","Canada",0,3,1.8515625,1.5625,1.52525048262094,1.8515625,1.5625,1.52525048262094,2,0.305066690748876,0.203031308472623
"cards",760486,"2026-06-28","Canada","South Africa",2,6,1.89204545454545,1.5625,1.14667799218963,1.30987564522082,1.36307297530311,1.56608705359361,2,0.190108015435422,0.465095308546362
"cards",760487,"2026-06-29","Brazil","Japan",2,13,1.4332504145937,1.55970149253731,1.16759922752373,1.40650783100455,1.36385976906946,1.55084701127495,1,0.0568976733304643,0.096791271903841
"cards",760487,"2026-06-29","Japan","Brazil",3,11,1.17490671641791,1.55970149253731,1.24211362485783,2.48309992316021,2.01797760572367,2.38342969992729,1,0.0953869566295694,0.08338996924307
"cards",760488,"2026-06-29","Netherlands","Morocco",0,8,1.75373134328358,1.55970149253731,1.33085326782226,1.75373134328358,1.55970149253731,1.33085326782226,2,0.273796282448499,0.147508298061285
"cards",760488,"2026-06-29","Morocco","Netherlands",1,13,1.4332504145937,1.55970149253731,1.19514321234453,1.07330553251915,1.11520704052341,1.01687719117552,1,0.0568976733304643,0.0916034426320413
"cards",760489,"2026-06-29","Germany","Paraguay",2,9,1.12846481876333,1.55970149253731,1.05635539815046,1.57989571618588,1.36385976906946,1.63985321882593,1,0.104671370933586,0.120909760053746
"cards",760489,"2026-06-29","Paraguay","Germany",2,3,1.97481343283582,1.55970149253731,1.49728884363417,1.30701275438753,1.36385976906946,1.38312395390456,2,0.170458363417129,0.31218281242019
"cards",760490,"2026-06-30","Ivory Coast","Norway",0,3,1.47579656862745,1.56127450980392,1.44916691591654,1.47579656862745,1.56127450980392,1.44916691591654,1,0.5950632646953,0.585583401833628
"cards",760490,"2026-06-30","Norway","Ivory Coast",1,3,1.10079656862745,1.56127450980392,1.05456654851872,1.00476249759793,1.11577202863592,1.00143672049914,1,0.110626774262133,0.121343113555248
"cards",760491,"2026-06-30","Mexico","Ecuador",0,10,1.78709150326797,1.56127450980392,1.28984250783717,1.78709150326797,1.56127450980392,1.28984250783717,2,0.284420984649563,0.1365849269711
"cards",760491,"2026-06-30","Ecuador","Mexico",4,6,1.43694295900178,1.56127450980392,1.29670396389613,3.16492514211835,2.95731841547986,3.43545526432908,1,0.0564790267333675,0.0747648123516041
"cards",760492,"2026-06-30","France","Sweden",0,17,1.21847147950089,1.56127450980392,0.789273509848362,1.21847147950089,1.56127450980392,0.789273509848362,1,0.496064158762378,0.2979253357884
"cards",760492,"2026-06-30","Sweden","France",0,8,1.60049019607843,1.56127450980392,1.88818339342754,1.60049019607843,1.56127450980392,1.88818339342754,2,0.22584107113054,0.316837905190968
"cards",760493,"2026-07-01","Belgium","Senegal",1,13,1.54186795491143,1.55072463768116,1.21128602790143,1.10887331579011,1.11200230781651,1.01960339972348,2,0.208016719664897,0.116586725448992
"cards",760493,"2026-07-01","Senegal","Belgium",1,10,1.45024154589372,1.55072463768116,1.26125447612405,1.07851141995973,1.11200230781651,1.02914763448605,1,0.0549966452102413,0.0802579904668713
"cards",760494,"2026-07-01","United States","Bosnia and Herzegovina",1,7,1.47946859903382,1.55072463768116,1.00242636463302,1.08778563044025,1.11200230781651,1.00000293886978,1,0.0518740196943767,0.134680128676461
"cards",760494,"2026-07-01","Bosnia and Herzegovina","United States",1,3,1.84420289855072,1.55072463768116,1.59402924624652,1.23215574771735,1.11200230781651,1.12776431833883,2,0.302704105722624,0.223859697429932
"cards",760495,"2026-07-01","England","DR Congo",1,15,0.93768115942029,1.55072463768116,0.796757520578671,1.00202646251069,1.11200230781651,1.02396240723835,1,0.153299413515761,0.203210063144051
"cards",760495,"2026-07-01","DR Congo","England",1,3,1.59420289855072,1.55072463768116,1.7062425980564,1.12782903735557,1.11200230781651,1.17194895625012,2,0.223912899487644,0.258766233167568
"cards",760496,"2026-07-02","Portugal","Croatia",1,12,1.33613445378151,1.54285714285714,1.10772224879876,1.04635374467281,1.10922115778228,1.0054163698781,1,0.0690952765300517,0.109105006555195
"cards",760496,"2026-07-02","Croatia","Portugal",2,17,1.44155844155844,1.54285714285714,1.32550357510952,1.40325606320109,1.36873235326737,1.45506586782673,1,0.0559600697300073,0.0705800924962778
"cards",760497,"2026-07-02","Spain","Austria",0,11,0.857142857142857,1.54285714285714,0.802135116356141,0.857142857142857,1.54285714285714,0.802135116356141,1,0.331346620794053,0.304294975139758
"cards",760497,"2026-07-02","Austria","Spain",1,3,1.46428571428571,1.54285714285714,1.72854365062533,1.08291815775661,1.10922115778228,1.18126441709324,1,0.0534733741409906,0.0315214408985551
"cards",760498,"2026-07-02","Switzerland","Algeria",0,11,1.73214285714286,1.54285714285714,1.16724675059186,1.73214285714286,1.54285714285714,1.16724675059186,2,0.266948387182718,0.105952693075765
"cards",760498,"2026-07-02","Algeria","Switzerland",2,3,1.08928571428571,1.54285714285714,1.3112411651801,1.61138854796934,1.36873235326737,1.46244005974514,1,0.113203133944813,0.0726223661895558
"cards",760499,"2026-07-03","Australia","Egypt",0,10,1.71173708920188,1.53521126760563,1.16779030023295,1.71173708920188,1.53521126760563,1.16779030023295,2,0.260498723854923,0.106081273197703
"cards",760499,"2026-07-03","Egypt","Australia",2,6,1.60691421254802,1.53521126760563,1.31755206313897,1.35142998965556,1.37102243778992,1.45914820916564,2,0.273215622528331,0.385165888053695
"cards",760500,"2026-07-03","Argentina","Cape Verde",1,14,1.98295033358043,1.53521126760563,0.820176652801213,1.29836453045808,1.10654326241781,1.01841218448143,2,0.347344782336636,0.0393935914665239
"cards",760500,"2026-07-03","Cape Verde","Argentina",1,3,1.45950704225352,1.53521126760563,2.11113006917321,1.08140830583938,1.10654326241781,1.36390668724863,1,0.0539868875794381,0.0146654610485426
"cards",760501,"2026-07-03","Colombia","Ghana",2,7,1.80633802816901,1.53521126760563,0.861230793671226,1.31688199470983,1.37102243778992,1.85316348909079,2,0.212478350654636,0.6187922927515
"cards",760501,"2026-07-03","Ghana","Colombia",3,6,1.69782330345711,1.53521126760563,1.86021889456899,1.9015417099668,2.0409667212702,1.78989586563838,2,0.243958761312999,0.198167732669976
"cards",760502,"2026-07-04","Canada","Morocco",4,7,1.88946759259259,1.53472222222222,1.57080528999975,2.52234105355442,2.99937844480316,2.94250547464126,2,0.190750180431579,0.285597387626808
"cards",760502,"2026-07-04","Morocco","Canada",4,14,1.40387426900585,1.53472222222222,0.988124425769574,3.22498510093994,2.99937844480316,4.21396486471724,1,0.060340694350828,0.138588128127719
"cards",760503,"2026-07-04","Paraguay","France",0,4,1.96373456790123,1.53472222222222,1.81748478444049,1.96373456790123,1.53472222222222,1.81748478444049,2,0.34116017007893,0.294138379036105
"cards",760503,"2026-07-04","France","Paraguay",3,18,1.15972222222222,1.53472222222222,0.845697527163324,2.50694015292801,2.04143348562502,3.14023754502112,1,0.098328197209294,0.184262288703013
"cards",760504,"2026-07-05","Brazil","Norway",1,14,1.45943988411395,1.54587155963303,1.18894924092974,1.08138716302059,1.11028369206975,1.01587931468767,1,0.0539941393843065,0.0927452787403236
"cards",760504,"2026-07-05","Norway","Brazil",0,4,1.08103975535168,1.54587155963303,1.36210509274187,1.08103975535168,1.54587155963303,1.36210509274187,1,0.436600324629681,0.553355891507291
"cards",760505,"2026-07-05","Mexico","England",2,11,1.67058486238532,1.54587155963303,1.39922652579571,1.33738447871686,1.36784300506643,1.42053450161058,2,0.252441755349939,0.350582142253644
"cards",760505,"2026-07-05","England","Mexico",5,16,0.939493228484054,1.54587155963303,1.05809562376829,6.03905830990998,4.15542396459871,5.56323381162293,1,0.152744840797374,0.120489671003753
"cards",760506,"2026-07-06","Portugal","Spain",2,13,1.31944444444444,1.55,1.46540300566661,1.45817007983542,1.36663731869763,1.39428959856423,1,0.071440603922379,0.0533540168674399
"cards",760506,"2026-07-06","Spain","Portugal",1,12,0.808823529411765,1.55,1.04862734784602,1.0209980493554,1.11174506906884,1.00114532668838,1,0.198364891327839,0.122793070293995
"cards",760507,"2026-07-06","United States","Belgium",2,8,1.44230769230769,1.55,1.39049099132903,1.40296608295787,1.36663731869763,1.42432434000273,1,0.055876276279646,0.0619776165407472
"cards",760507,"2026-07-06","Belgium","United States",0,14,1.51315789473684,1.55,1.19883353368487,1.51315789473684,1.55,1.19883353368487,2,0.199423679544195,0.11353603933815
"cards",760508,"2026-07-07","Switzerland","Colombia",3,12,1.63155802861685,1.5472972972973,1.4188387537652,1.95471128564631,2.02952757715498,2.16108194896059,2,0.265016311244352,0.342630605116931
"cards",760508,"2026-07-07","Colombia","Switzerland",2,8,1.82588357588358,1.5472972972973,1.24922564802489,1.31490271436317,1.36742501827699,1.49732507303258,2,0.207188767716926,0.415912950195765
"cards",760509,"2026-07-07","Argentina","Egypt",0,15,1.93682432432432,1.5472972972973,0.985927149128373,1.93682432432432,1.5472972972973,0.985927149128373,2,0.332495668355312,0.0671142479258928
"cards",760509,"2026-07-07","Egypt","Argentina",4,7,1.64470720720721,1.5472972972973,1.86085185625966,2.83251152221265,2.97931220848474,2.55476820613824,2,0.260723794804134,0.198004633335744
"cards",760510,"2026-07-09","France","Morocco",0,19,1.24032738095238,1.55357142857143,1.10014219655411,1.24032738095238,1.55357142857143,1.10014219655411,1,0.505109422536614,0.445124143303835
"cards",760510,"2026-07-09","Morocco","France",1,15,1.53839285714286,1.55357142857143,1.48637859691763,1.10765458490407,1.11301500065199,1.09003590721887,2,0.206971549787932,0.191498379586971
"cards",760511,"2026-07-10","Spain","Belgium",2,13,0.819135802469136,1.54888888888889,0.972987660580112,1.91129377081753,1.36696041345652,1.72090259855171,1,0.194315606348154,0.142847832859821
"cards",760511,"2026-07-10","Belgium","Spain",2,15,1.43722222222222,1.54888888888889,1.61281414240874,1.40494492617862,1.36696041345652,1.3500001875465,1,0.0564474905113085,0.0397308114672415
"cards",760512,"2026-07-11","Norway","England",1,5,0.975442477876106,1.55088495575221,1.40318768477875,1.00030656534445,1.11205924854985,1.06444111870746,1,0.142148221022776,0.0604236092038169
"cards",760512,"2026-07-11","England","Norway",0,17,1.12520112630732,1.55088495575221,1.12933169259047,1.12520112630732,1.55088495575221,1.12933169259047,1,0.456182480429487,0.457991626221596
"cards",760513,"2026-07-11","Argentina","Switzerland",3,16,1.84544879898862,1.55088495575221,1.13068533457703,1.7990407700287,2.02616730337319,2.55397298482755,2,0.202006382098019,0.473083531569542
"cards",760513,"2026-07-11","Switzerland","Argentina",2,13,1.70857915437561,1.55088495575221,1.65928690112224,1.33040209243817,1.36638072190744,1.3396582168095,2,0.240674493333834,0.256030732441565
